{
  "files": [
    {
      "filepath": "/home/macaul-b/matsci-parse/tests/core/matrix/operations/determinant.bench.ts",
      "groups": [
        {
          "fullName": "tests/core/matrix/operations/determinant.bench.ts > matrix determinant scaling",
          "benchmarks": [
            {
              "id": "1583294445_0_0",
              "name": "2x2 determinant",
              "rank": 1,
              "rme": 0.15664509310658095,
              "samples": [],
              "totalTime": 500.0000220000878,
              "min": 0.00006000000007588824,
              "max": 0.11392799999998715,
              "hz": 10214871.550543858,
              "period": 0.00009789648308859628,
              "mean": 0.00009789648308859628,
              "variance": 3.126500923259895e-8,
              "sd": 0.0001768191427210271,
              "sem": 7.823981483785711e-8,
              "df": 5107435,
              "critical": 1.96,
              "moe": 1.5335003708219992e-7,
              "p75": 0.00009799999997994746,
              "p99": 0.0002709999999979118,
              "p995": 0.00035299999990456854,
              "p999": 0.0004500000000007276,
              "sampleCount": 5107436,
              "median": 0.00007000000005064066
            },
            {
              "id": "1583294445_0_1",
              "name": "4x4 determinant",
              "rank": 2,
              "rme": 1.0278539537021554,
              "samples": [],
              "totalTime": 500.0005329999558,
              "min": 0.000337000000399712,
              "max": 0.9903420000000551,
              "hz": 841605.1028490348,
              "period": 0.001188205723343122,
              "mean": 0.001188205723343122,
              "variance": 0.000016338522708087417,
              "sd": 0.004042093851964279,
              "sem": 0.000006231132400764069,
              "df": 420802,
              "critical": 1.96,
              "moe": 0.000012213019505497574,
              "p75": 0.0013460000000122818,
              "p99": 0.005902999999307212,
              "p995": 0.007239999999910651,
              "p999": 0.012864999999692373,
              "sampleCount": 420803,
              "median": 0.0006960000000617583
            },
            {
              "id": "1583294445_0_2",
              "name": "8x8 determinant",
              "rank": 3,
              "rme": 18.311233745506254,
              "samples": [],
              "totalTime": 500.00031300005776,
              "min": 0.0004870000002483721,
              "max": 32.89184099999966,
              "hz": 683053.5724083848,
              "period": 0.00146401401060548,
              "mean": 0.00146401401060548,
              "variance": 0.006389083726392625,
              "sd": 0.07993174417209113,
              "sem": 0.0001367750140555766,
              "df": 341526,
              "critical": 1.96,
              "moe": 0.00026807902754893016,
              "p75": 0.001277999999729218,
              "p99": 0.005137000000104308,
              "p995": 0.006529000000227825,
              "p999": 0.012780999999449705,
              "sampleCount": 341527,
              "median": 0.0007159999995565158
            },
            {
              "id": "1583294445_0_3",
              "name": "16x16 determinant",
              "rank": 4,
              "rme": 2.3202683578211762,
              "samples": [],
              "totalTime": 500.0007329999635,
              "min": 0.0011100000001533772,
              "max": 3.284813999999642,
              "hz": 377025.4472807218,
              "period": 0.002652340862433697,
              "mean": 0.002652340862433697,
              "variance": 0.0001858507291875303,
              "sd": 0.013632708065073875,
              "sem": 0.000031398686618678756,
              "df": 188512,
              "critical": 1.96,
              "moe": 0.00006154142577261036,
              "p75": 0.002484999999978754,
              "p99": 0.013536000000385684,
              "p995": 0.019043999999666994,
              "p999": 0.03729100000055041,
              "sampleCount": 188513,
              "median": 0.0014400000000023283
            },
            {
              "id": "1583294445_0_4",
              "name": "32x32 determinant",
              "rank": 5,
              "rme": 2.826860613386836,
              "samples": [],
              "totalTime": 500.002674000114,
              "min": 0.0037389999997685663,
              "max": 3.4215000000003783,
              "hz": 135483.27543541207,
              "period": 0.00738098482477804,
              "mean": 0.00738098482477804,
              "variance": 0.0007676854091659874,
              "sd": 0.02770713643027708,
              "sem": 0.00010645415963862745,
              "df": 67741,
              "critical": 1.96,
              "moe": 0.0002086501528917098,
              "p75": 0.008058999999775551,
              "p99": 0.028201000000080967,
              "p995": 0.04105500000059692,
              "p999": 0.14114299999982904,
              "sampleCount": 67742,
              "median": 0.0045509999999922
            },
            {
              "id": "1583294445_0_5",
              "name": "64x64 determinant",
              "rank": 6,
              "rme": 2.6317839845915065,
              "samples": [],
              "totalTime": 500.01106400004574,
              "min": 0.01356500000019878,
              "max": 1.8825440000000526,
              "hz": 57590.72563241793,
              "period": 0.017363906931519856,
              "mean": 0.017363906931519856,
              "variance": 0.0015653642116721556,
              "sd": 0.03956468389450566,
              "sem": 0.00023315332740975208,
              "df": 28795,
              "critical": 1.96,
              "moe": 0.0004569805217231141,
              "p75": 0.01475899999968533,
              "p99": 0.10078100000100676,
              "p995": 0.12888000000020838,
              "p999": 0.21049799999946117,
              "sampleCount": 28796,
              "median": 0.014253999999709777
            },
            {
              "id": "1583294445_0_6",
              "name": "128x128 determinant",
              "rank": 7,
              "rme": 2.5784785664175502,
              "samples": [],
              "totalTime": 500.0455880001082,
              "min": 0.05338100000153645,
              "max": 1.9611620000014227,
              "hz": 15660.572131671934,
              "period": 0.06385462750607945,
              "mean": 0.06385462750607945,
              "variance": 0.005526076391421812,
              "sd": 0.07433758397622169,
              "sem": 0.0008400397366887879,
              "df": 7830,
              "critical": 1.96,
              "moe": 0.0016464778839100243,
              "p75": 0.058039999999891734,
              "p99": 0.18400000000110595,
              "p995": 0.210798000000068,
              "p999": 1.7359560000004421,
              "sampleCount": 7831,
              "median": 0.055816000000049826
            }
          ]
        },
        {
          "fullName": "tests/core/matrix/operations/determinant.bench.ts > matrix transpose scaling",
          "benchmarks": [
            {
              "id": "1583294445_1_0",
              "name": "2x2 transpose",
              "rank": 1,
              "rme": 0.12191928917178246,
              "samples": [],
              "totalTime": 500.00005700165457,
              "min": 0.00017599999955564272,
              "max": 0.09274699999878067,
              "hz": 4315949.507967474,
              "period": 0.00023169872542622345,
              "mean": 0.00023169872542622345,
              "variance": 4.482562976085959e-8,
              "sd": 0.00021172064084746105,
              "sem": 1.4412522401006714e-7,
              "df": 2157974,
              "critical": 1.96,
              "moe": 2.824854390597316e-7,
              "p75": 0.0002080000012938399,
              "p99": 0.0007020000011834782,
              "p995": 0.0007640000003448222,